1498969820288,11,16 /group.php,404,Not Found,Thread Group 1-1,text,false,,1676,372,1,2,11,0,6
1498969820306,24,17 /group.php,200,OK,Thread Group 1-1,text,true,,2494,455,1,2,24,0,0
1498969820331,19,18 /group.php,200,OK,Thread Group 1-1,text,true,,2424,540,1,2,18,0,0
1498969820350,16,19 /group.php,200,OK,Thread Group 1-1,text,true,,2615,372,1,2,16,0,0
1498969820366,3,16 /group.php,404,Not Found,Thread Group 1-1,text,false,,1675,372,1,2,3,0,0
1498969820370,16,17 /group.php,200,OK,Thread Group 1-1,text,true,,2494,455,1,2,16,0,0
1498969820386,17,18 /group.php,200,OK,Thread Group 1-1,text,true,,2428,540,1,2,17,0,0
1498969820403,25,19 /group.php,200,OK,Thread Group 1-1,text,true,,2620,372,1,2,25,0,0
1498969820429,2,16 /group.php,404,Not Found,Thread Group 1-1,text,false,,1675,372,1,2,2,0,0
1498969820431,20,17 /group.php,200,OK,Thread Group 1-1,text,true,,2494,455,1,2,20,0,0
1498969820451,19,18 /group.php,200,OK,Thread Group 1-1,text,true,,2428,540,1,2,19,0,0
1498969820471,27,19 /group.php,200,OK,Thread Group 1-1,text,true,,2624,372,2,4,27,0,0
1498969820498,4,16 /group.php,404,Not Found,Thread Group 1-1,text,false,,1675,372,2,4,4,0,0
1498969820490,18,16 /group.php,404,Not Found,Thread Group 1-2,text,false,,1676,372,2,4,17,0,3
1498969820502,29,17 /group.php,200,OK,Thread Group 1-1,text,true,,2494,455,2,4,29,0,0
1498969820532,31,18 /group.php,200,OK,Thread Group 1-1,text,true,,2428,540,2,4,31,0,0
1498969820563,28,19 /group.php,200,OK,Thread Group 1-1,text,true,,2627,372,2,4,28,0,0
1498969820592,3,16 /group.php,404,Not Found,Thread Group 1-1,text,false,,1675,372,2,4,3,0,0
1498969820508,106,17 /group.php,200,OK,Thread Group 1-2,text,true,,2494,455,2,4,106,0,0
1498969820595,30,17 /group.php,200,OK,Thread Group 1-1,text,true,,2494,455,2,4,30,0,0
1498969820615,26,18 /group.php,200,OK,Thread Group 1-2,text,true,,2428,540,2,4,26,0,0
1498969820625,23,18 /group.php,200,OK,Thread Group 1-1,text,true,,2428,540,2,4,23,0,0
1498969820641,24,19 /group.php,200,OK,Thread Group 1-2,text,true,,2638,372,2,4,24,0,0
1498969820665,3,16 /group.php,404,Not Found,Thread Group 1-2,text,false,,1675,372,2,4,3,0,0
1498969820649,23,19 /group.php,200,OK,Thread Group 1-1,text,true,,2638,372,2,4,23,0,0
1498969820672,3,16 /group.php,404,Not Found,Thread Group 1-1,text,false,,1675,372,2,4,3,0,0
1498969820689,11,16 /group.php,404,Not Found,Thread Group 1-3,text,false,,1676,372,3,6,11,0,1
1498969820669,37,17 /group.php,200,OK,Thread Group 1-2,text,true,,2494,455,3,6,37,0,0
1498969820700,37,17 /group.php,200,OK,Thread Group 1-3,text,true,,2494,455,3,6,37,0,0
1498969820738,21,18 /group.php,200,OK,Thread Group 1-3,text,true,,2428,540,3,6,21,0,0
1498969820759,21,19 /group.php,200,OK,Thread Group 1-3,text,true,,2642,372,3,6,21,0,0
1498969820780,4,16 /group.php,404,Not Found,Thread Group 1-3,text,false,,1675,372,3,6,4,0,0
1498969820675,127,17 /group.php,200,OK,Thread Group 1-1,text,true,,2494,455,3,6,126,0,0
1498969820784,29,17 /group.php,200,OK,Thread Group 1-3,text,true,,2494,455,3,6,29,0,0
1498969820802,21,18 /group.php,200,OK,Thread Group 1-1,text,true,,2428,540,3,6,21,0,0
1498969820813,22,18 /group.php,200,OK,Thread Group 1-3,text,true,,2428,540,3,6,22,0,0
1498969820835,42,19 /group.php,200,OK,Thread Group 1-3,text,true,,2650,372,3,6,42,0,0
1498969820878,3,16 /group.php,404,Not Found,Thread Group 1-3,text,false,,1675,372,3,6,3,0,0
1498969820706,178,18 /group.php,200,OK,Thread Group 1-2,text,true,,2428,540,3,6,178,0,0
1498969820823,75,19 /group.php,200,OK,Thread Group 1-1,text,true,,2655,372,4,8,75,0,0
1498969820898,4,16 /group.php,404,Not Found,Thread Group 1-1,text,false,,1675,372,4,8,4,0,0
1498969820884,24,19 /group.php,200,OK,Thread Group 1-2,text,true,,2655,372,4,8,24,0,0
1498969820889,28,16 /group.php,404,Not Found,Thread Group 1-4,text,false,,1676,372,4,8,28,0,1
1498969820908,14,16 /group.php,404,Not Found,Thread Group 1-2,text,false,,1675,372,4,8,13,0,0
1498969820917,24,17 /group.php,200,OK,Thread Group 1-4,text,true,,2494,455,4,8,24,0,0
1498969820922,22,17 /group.php,200,OK,Thread Group 1-2,text,true,,2494,455,4,8,22,0,0
1498969820881,67,17 /group.php,200,OK,Thread Group 1-3,text,true,,2494,455,4,8,67,0,0
1498969820945,31,18 /group.php,200,OK,Thread Group 1-2,text,true,,2428,540,4,8,31,0,0
1498969820902,91,17 /group.php,200,OK,Thread Group 1-1,text,true,,2494,455,4,8,91,0,0
1498969820976,23,19 /group.php,200,OK,Thread Group 1-2,text,true,,2661,372,4,8,23,0,0
1498969820999,4,16 /group.php,404,Not Found,Thread Group 1-2,text,false,,1675,372,4,8,4,0,0
1498969820948,71,18 /group.php,200,OK,Thread Group 1-3,text,true,,2428,540,4,8,71,0,0
1498969821003,23,17 /group.php,200,OK,Thread Group 1-2,text,true,,2494,455,4,8,23,0,0
1498969821020,21,19 /group.php,200,OK,Thread Group 1-3,text,true,,2667,372,4,8,21,0,0
1498969821041,4,16 /group.php,404,Not Found,Thread Group 1-3,text,false,,1675,372,4,8,4,0,0
1498969821027,23,18 /group.php,200,OK,Thread Group 1-2,text,true,,2428,540,4,8,23,0,0
1498969820941,120,18 /group.php,200,OK,Thread Group 1-4,text,true,,2428,540,4,8,120,0,0
1498969821051,21,19 /group.php,200,OK,Thread Group 1-2,text,true,,2675,372,4,8,21,0,0
1498969821072,4,16 /group.php,404,Not Found,Thread Group 1-2,text,false,,1675,372,4,8,4,0,0
1498969821061,21,19 /group.php,200,OK,Thread Group 1-4,text,true,,2675,372,4,8,21,0,0
1498969821082,3,16 /group.php,404,Not Found,Thread Group 1-4,text,false,,1675,372,4,8,3,0,0
1498969821076,23,17 /group.php,200,OK,Thread Group 1-2,text,true,,2494,455,5,10,23,0,0
1498969821089,17,16 /group.php,404,Not Found,Thread Group 1-5,text,false,,1676,372,5,10,17,0,2
1498969821086,40,17 /group.php,200,OK,Thread Group 1-4,text,true,,2494,455,5,10,40,0,0
1498969821126,23,18 /group.php,200,OK,Thread Group 1-4,text,true,,2428,540,5,10,23,0,0
1498969821106,47,17 /group.php,200,OK,Thread Group 1-5,text,true,,2494,455,5,10,47,0,0
1498969821099,58,18 /group.php,200,OK,Thread Group 1-2,text,true,,2428,540,5,10,58,0,0
1498969821149,21,19 /group.php,200,OK,Thread Group 1-4,text,true,,2685,372,5,10,21,0,0
1498969821170,3,16 /group.php,404,Not Found,Thread Group 1-4,text,false,,1675,372,5,10,3,0,0
1498969821153,22,18 /group.php,200,OK,Thread Group 1-5,text,true,,2428,540,5,10,22,0,0
1498969821157,28,19 /group.php,200,OK,Thread Group 1-2,text,true,,2689,372,5,10,28,0,0
1498969821186,3,16 /group.php,404,Not Found,Thread Group 1-2,text,false,,1675,372,5,10,3,0,0
1498969821045,149,17 /group.php,200,OK,Thread Group 1-3,text,true,,2494,455,5,10,149,0,0
1498969821175,20,19 /group.php,200,OK,Thread Group 1-5,text,true,,2689,372,5,10,20,0,0
1498969821196,3,16 /group.php,404,Not Found,Thread Group 1-5,text,false,,1675,372,5,10,3,0,0
1498969821194,26,18 /group.php,200,OK,Thread Group 1-3,text,true,,2428,540,5,10,26,0,0
1498969820993,227,18 /group.php,200,OK,Thread Group 1-1,text,true,,2428,540,5,10,227,0,0
1498969821199,30,17 /group.php,200,OK,Thread Group 1-5,text,true,,2494,455,5,10,30,0,0
1498969821220,22,19 /group.php,200,OK,Thread Group 1-3,text,true,,2699,372,5,10,22,0,0
1498969821242,3,16 /group.php,404,Not Found,Thread Group 1-3,text,false,,1675,372,5,10,3,0,0
1498969821229,21,18 /group.php,200,OK,Thread Group 1-5,text,true,,2428,540,5,10,21,0,0
1498969821189,66,17 /group.php,200,OK,Thread Group 1-2,text,true,,2494,455,5,10,66,0,0
1498969821246,21,17 /group.php,200,OK,Thread Group 1-3,text,true,,2494,455,5,10,21,0,0
1498969821268,23,18 /group.php,200,OK,Thread Group 1-3,text,true,,2428,540,5,10,23,0,0
1498969821292,21,19 /group.php,200,OK,Thread Group 1-3,text,true,,2709,372,5,10,20,0,0
1498969821313,3,16 /group.php,404,Not Found,Thread Group 1-3,text,false,,1675,372,5,10,3,0,0
1498969821255,65,18 /group.php,200,OK,Thread Group 1-2,text,true,,2428,540,5,10,65,0,0
1498969821174,160,17 /group.php,200,OK,Thread Group 1-4,text,true,,2494,455,5,10,160,0,0
1498969821320,24,19 /group.php,200,OK,Thread Group 1-2,text,true,,2713,372,5,10,24,0,0
1498969821344,5,16 /group.php,404,Not Found,Thread Group 1-2,text,false,,1675,372,5,10,5,0,0
1498969821334,21,18 /group.php,200,OK,Thread Group 1-4,text,true,,2428,540,5,10,21,0,0
1498969821355,21,19 /group.php,200,OK,Thread Group 1-4,text,true,,2717,372,5,10,21,0,0
1498969821376,4,16 /group.php,404,Not Found,Thread Group 1-4,text,false,,1675,372,5,10,4,0,0
1498969821316,68,17 /group.php,200,OK,Thread Group 1-3,text,true,,2494,455,5,10,68,0,0
1498969821384,22,18 /group.php,200,OK,Thread Group 1-3,text,true,,2428,540,5,10,22,0,0
1498969821380,26,17 /group.php,200,OK,Thread Group 1-4,text,true,,2494,455,5,10,26,0,0
1498969821406,21,19 /group.php,200,OK,Thread Group 1-3,text,true,,2721,372,5,10,21,0,0
1498969821406,21,18 /group.php,200,OK,Thread Group 1-4,text,true,,2428,540,5,10,21,0,0
1498969821427,4,16 /group.php,404,Not Found,Thread Group 1-3,text,false,,1675,372,5,10,4,0,0
1498969821250,195,19 /group.php,200,OK,Thread Group 1-5,text,true,,2725,372,5,10,195,0,0
1498969821445,4,16 /group.php,404,Not Found,Thread Group 1-5,text,false,,1675,372,5,10,4,0,0
1498969821427,32,19 /group.php,200,OK,Thread Group 1-4,text,true,,2725,372,5,10,32,0,0
1498969821459,4,16 /group.php,404,Not Found,Thread Group 1-4,text,false,,1675,372,5,10,4,0,0
1498969821449,22,17 /group.php,200,OK,Thread Group 1-5,text,true,,2494,455,5,10,22,0,0
1498969821471,21,18 /group.php,200,OK,Thread Group 1-5,text,true,,2428,540,5,10,21,0,0
1498969821431,69,17 /group.php,200,OK,Thread Group 1-3,text,true,,2494,455,5,10,69,0,0
1498969821492,21,19 /group.php,200,OK,Thread Group 1-5,text,true,,2728,372,5,10,21,0,0
1498969821514,3,16 /group.php,404,Not Found,Thread Group 1-5,text,false,,1675,372,5,10,3,0,0
1498969821463,80,17 /group.php,200,OK,Thread Group 1-4,text,true,,2494,455,5,10,80,0,0
1498969821501,56,18 /group.php,200,OK,Thread Group 1-3,text,true,,2428,540,5,10,56,0,0
1498969821558,21,19 /group.php,200,OK,Thread Group 1-3,text,true,,2733,372,5,10,21,0,0
1498969821544,35,18 /group.php,200,OK,Thread Group 1-4,text,true,,2428,540,5,10,35,0,0
1498969821579,3,16 /group.php,404,Not Found,Thread Group 1-3,text,false,,1675,372,5,10,3,0,0
1498969821582,24,17 /group.php,200,OK,Thread Group 1-3,text,true,,2494,455,5,10,24,0,0
1498969821579,31,19 /group.php,200,OK,Thread Group 1-4,text,true,,2736,372,5,10,31,0,0
1498969821611,3,16 /group.php,404,Not Found,Thread Group 1-4,text,false,,1675,372,5,10,3,0,0
1498969821349,274,17 /group.php,200,OK,Thread Group 1-2,text,true,,2494,455,5,10,274,0,0
1498969821220,405,19 /group.php,200,OK,Thread Group 1-1,text,true,,2736,372,5,10,405,0,0
1498969821517,113,17 /group.php,200,OK,Thread Group 1-5,text,true,,2494,455,5,10,113,0,0
1498969821625,12,16 /group.php,404,Not Found,Thread Group 1-1,text,false,,1675,372,5,10,12,0,0
1498969821630,22,18 /group.php,200,OK,Thread Group 1-5,text,true,,2428,540,5,10,22,0,0
1498969821637,25,17 /group.php,200,OK,Thread Group 1-1,text,true,,2494,455,5,10,25,0,0
1498969821662,22,18 /group.php,200,OK,Thread Group 1-1,text,true,,2428,540,5,10,22,0,0
1498969821652,38,19 /group.php,200,OK,Thread Group 1-5,text,true,,2745,372,5,10,38,0,0
1498969821690,6,16 /group.php,404,Not Found,Thread Group 1-5,text,false,,1675,372,5,10,5,0,0
1498969821696,23,17 /group.php,200,OK,Thread Group 1-5,text,true,,2494,455,5,10,23,0,0
1498969821614,116,17 /group.php,200,OK,Thread Group 1-4,text,true,,2494,455,5,10,116,0,0
1498969821606,134,18 /group.php,200,OK,Thread Group 1-3,text,true,,2428,540,5,10,134,0,0
1498969821719,24,18 /group.php,200,OK,Thread Group 1-5,text,true,,2428,540,5,10,24,0,0
1498969821623,135,18 /group.php,200,OK,Thread Group 1-2,text,true,,2428,540,5,10,134,0,0
1498969821740,24,19 /group.php,200,OK,Thread Group 1-3,text,true,,2759,372,5,10,24,0,0
1498969821764,4,16 /group.php,404,Not Found,Thread Group 1-3,text,false,,1675,372,5,10,3,0,0
1498969821730,84,18 /group.php,200,OK,Thread Group 1-4,text,true,,2428,540,5,10,84,0,0
1498969821814,25,19 /group.php,200,OK,Thread Group 1-4,text,true,,2764,372,5,10,25,0,0
1498969821840,3,16 /group.php,404,Not Found,Thread Group 1-4,text,false,,1675,372,5,10,3,0,0
1498969821684,174,19 /group.php,200,OK,Thread Group 1-1,text,true,,2764,372,5,10,174,0,0
1498969821858,4,16 /group.php,404,Not Found,Thread Group 1-1,text,false,,1675,372,5,10,4,0,0
1498969821843,21,17 /group.php,200,OK,Thread Group 1-4,text,true,,2494,455,5,10,21,0,0
1498969821864,66,18 /group.php,200,OK,Thread Group 1-4,text,true,,2428,540,5,10,66,0,0
1498969821758,180,19 /group.php,200,OK,Thread Group 1-2,text,true,,2767,372,5,10,180,0,0
1498969821938,4,16 /group.php,404,Not Found,Thread Group 1-2,text,false,,1675,372,5,10,4,0,0
1498969821930,22,19 /group.php,200,OK,Thread Group 1-4,text,true,,2767,372,5,10,22,0,0
1498969821952,3,16 /group.php,404,Not Found,Thread Group 1-4,text,false,,1675,372,5,10,3,0,0
1498969821942,29,17 /group.php,200,OK,Thread Group 1-2,text,true,,2494,455,5,10,29,0,0
1498969821768,209,17 /group.php,200,OK,Thread Group 1-3,text,true,,2494,455,5,10,209,0,0
1498969821955,32,17 /group.php,200,OK,Thread Group 1-4,text,true,,2494,455,5,10,32,0,0
1498969821977,31,18 /group.php,200,OK,Thread Group 1-3,text,true,,2428,540,5,10,31,0,0
1498969821987,22,18 /group.php,200,OK,Thread Group 1-4,text,true,,2428,540,5,10,22,0,0
1498969821972,39,18 /group.php,200,OK,Thread Group 1-2,text,true,,2428,540,5,10,39,0,0
1498969822009,22,19 /group.php,200,OK,Thread Group 1-3,text,true,,2779,372,5,10,22,0,0
1498969822009,22,19 /group.php,200,OK,Thread Group 1-4,text,true,,2779,372,5,10,22,0,0
1498969822031,3,16 /group.php,404,Not Found,Thread Group 1-4,text,false,,1675,372,5,10,3,0,0
1498969822031,3,16 /group.php,404,Not Found,Thread Group 1-3,text,false,,1675,372,5,10,3,0,0
1498969822012,25,19 /group.php,200,OK,Thread Group 1-2,text,true,,2779,372,5,10,25,0,0
1498969822037,3,16 /group.php,404,Not Found,Thread Group 1-2,text,false,,1675,372,5,10,3,0,0
1498969822034,21,17 /group.php,200,OK,Thread Group 1-4,text,true,,2494,455,5,10,21,0,0
1498969822040,22,17 /group.php,200,OK,Thread Group 1-2,text,true,,2494,455,5,10,21,0,0
1498969822034,37,17 /group.php,200,OK,Thread Group 1-3,text,true,,2494,455,5,10,37,0,0
1498969822072,26,18 /group.php,200,OK,Thread Group 1-3,text,true,,2428,540,5,10,26,0,0
1498969822062,64,18 /group.php,200,OK,Thread Group 1-2,text,true,,2428,540,5,10,63,0,0
1498969822098,28,19 /group.php,200,OK,Thread Group 1-3,text,true,,2783,372,5,10,28,0,0
1498969822056,81,18 /group.php,200,OK,Thread Group 1-4,text,true,,2428,540,4,9,81,0,0
1498969821862,294,17 /group.php,200,OK,Thread Group 1-1,text,true,,2494,455,4,9,294,0,0
1498969822137,22,19 /group.php,200,OK,Thread Group 1-4,text,true,,2793,372,4,9,22,0,0
1498969822159,3,16 /group.php,404,Not Found,Thread Group 1-4,text,false,,1675,372,4,9,3,0,0
1498969821743,425,19 /group.php,200,OK,Thread Group 1-5,text,true,,2793,372,4,9,425,0,0
1498969822168,3,16 /group.php,404,Not Found,Thread Group 1-5,text,false,,1675,372,4,9,3,0,0
1498969822156,21,18 /group.php,200,OK,Thread Group 1-1,text,true,,2428,540,4,9,21,0,0
1498969822171,22,17 /group.php,200,OK,Thread Group 1-5,text,true,,2494,455,4,9,22,0,0
1498969822178,21,19 /group.php,200,OK,Thread Group 1-1,text,true,,2797,372,4,9,21,0,0
1498969822199,4,16 /group.php,404,Not Found,Thread Group 1-1,text,false,,1675,372,4,9,4,0,0
1498969822162,44,17 /group.php,200,OK,Thread Group 1-4,text,true,,2494,455,4,9,44,0,0
1498969822193,22,18 /group.php,200,OK,Thread Group 1-5,text,true,,2428,540,4,9,22,0,0
1498969822203,23,17 /group.php,200,OK,Thread Group 1-1,text,true,,2494,455,4,9,23,0,0
1498969822206,25,18 /group.php,200,OK,Thread Group 1-4,text,true,,2428,540,4,9,25,0,0
1498969822215,25,19 /group.php,200,OK,Thread Group 1-5,text,true,,2804,372,4,9,24,0,0
1498969822240,3,16 /group.php,404,Not Found,Thread Group 1-5,text,false,,1675,372,4,9,3,0,0
1498969822231,27,19 /group.php,200,OK,Thread Group 1-4,text,true,,2804,372,4,9,27,0,0
1498969822243,23,17 /group.php,200,OK,Thread Group 1-5,text,true,,2494,455,3,8,23,0,0
1498969822226,45,18 /group.php,200,OK,Thread Group 1-1,text,true,,2428,540,3,8,45,0,0
1498969822126,164,19 /group.php,200,OK,Thread Group 1-2,text,true,,2808,372,3,8,164,0,0
1498969822266,27,18 /group.php,200,OK,Thread Group 1-5,text,true,,2428,540,3,8,26,0,0
1498969822291,3,16 /group.php,404,Not Found,Thread Group 1-2,text,false,,1675,372,3,8,3,0,0
1498969822271,25,19 /group.php,200,OK,Thread Group 1-1,text,true,,2811,372,3,8,25,0,0
1498969822293,25,19 /group.php,200,OK,Thread Group 1-5,text,true,,2811,372,2,7,24,0,0
1498969822318,3,16 /group.php,404,Not Found,Thread Group 1-5,text,false,,1675,372,2,7,3,0,0
1498969822295,26,17 /group.php,200,OK,Thread Group 1-2,text,true,,2494,455,2,7,26,0,0
1498969822321,20,17 /group.php,200,OK,Thread Group 1-5,text,true,,2494,455,2,7,20,0,0
1498969822321,35,18 /group.php,200,OK,Thread Group 1-2,text,true,,2428,540,2,7,35,0,0
1498969822341,21,18 /group.php,200,OK,Thread Group 1-5,text,true,,2428,540,2,7,21,0,0
1498969822356,22,19 /group.php,200,OK,Thread Group 1-2,text,true,,2821,372,2,7,22,0,0
1498969822362,21,19 /group.php,200,OK,Thread Group 1-5,text,true,,2821,372,1,6,21,0,0
1498969822384,3,16 /group.php,404,Not Found,Thread Group 1-5,text,false,,1675,372,1,6,3,0,0
1498969822387,20,17 /group.php,200,OK,Thread Group 1-5,text,true,,2494,455,1,6,20,0,0
1498969822408,145,18 /group.php,200,OK,Thread Group 1-5,text,true,,2428,540,1,6,144,0,0
1498969822553,22,19 /group.php,200,OK,Thread Group 1-5,text,true,,2826,372,1,6,22,0,0
1498969822575,4,16 /group.php,404,Not Found,Thread Group 1-5,text,false,,1675,372,1,6,4,0,0
1498969822579,34,17 /group.php,200,OK,Thread Group 1-5,text,true,,2494,455,1,6,34,0,0
1498969822613,22,18 /group.php,200,OK,Thread Group 1-5,text,true,,2428,540,1,6,22,0,0
1498969822636,78,19 /group.php,200,OK,Thread Group 1-5,text,true,,2830,372,1,6,78,0,0
